id,store,section,sku,item,spec,qty,unit,unit_usd,basis,used_for,status,need_rule,target
P001,Waytek,"Fuse blocks, relays, sockets, busbar, 16 AWG spools",45643,"OptiFuse BLR-504 ATC fuse block, 4-position, bussed input",,2,ea,,cart,"Block A (busbar: F2, F3, F19, F13 empty) · Block B (K11: F1, 3 spare)",cart,,
P002,Waytek,"Fuse blocks, relays, sockets, busbar, 16 AWG spools",46047,"Sealed inline ATC fuse holder, 14 AWG leads",,3,ea,,cart,"F12, F15, F16 and now F20 — the wideband gauge's feed (D-244)",raise,,4
P003,Waytek,"Fuse blocks, relays, sockets, busbar, 16 AWG spools",75725,"Song Chuan 871-1C-C-D1-12VDC — ISO micro relay 40 A SPDT, integral diode",,4,ea,,cart,"K1, K2, K11, K12 (no spare)",cart,,
P004,Waytek,"Fuse blocks, relays, sockets, busbar, 16 AWG spools",74858,"Picker PC792E-1C-C-12S-DN-X — sealed mini ISO relay SPDT, integral diode",,1,ea,,cart,"K9, engine bay",cart,,
P005,Waytek,"Fuse blocks, relays, sockets, busbar, 16 AWG spools",75340,Chief weatherproof 5-pin mini relay connector,,1,ea,,cart,K9's socket,cart,,
P006,Waytek,"Fuse blocks, relays, sockets, busbar, 16 AWG spools",75290,Panel-mount micro relay socket with terminals,,10,ea,,cart,"6 at the dash node (K1–K4, K11, K12) + 4 at the sill (K5–K8, empty)",cart,,
P007,Waytek,"Fuse blocks, relays, sockets, busbar, 16 AWG spools",2300,"Blue Sea 2300 busbar, 10-gang 150 A, WITH cover — replaces the uncovered 2301 (78250) in the cart",,1,ea,,cart,"Always-hot bar + ground bus, both covered (D-224). Waytek # for the 2300 to confirm at the cart",raise,,2
P008,Waytek,"Fuse blocks, relays, sockets, busbar, 16 AWG spools",WL16-0,"Prysmian GXL 16 AWG **BLACK**, 500 ft spool",,1,ea,,cart,Ground family — 230 ft needed,cart,,
P009,Waytek,"Fuse blocks, relays, sockets, busbar, 16 AWG spools",WL16-2,"Prysmian GXL 16 AWG **RED**, 500 ft spool",,1,ea,,cart,"Power family at 16 AWG — ~510 ft calculated against a 500 ft spool after D-250 / D-252 / D-256 (L1-S2 9, L4-S 4, L2-S 6): add a 50 ft cut to the WireBarn order",raise,,500 ft spool + 50 ft cut
P010,Waytek,"Fuse blocks, relays, sockets, busbar, 16 AWG spools",WL16-8,"Prysmian GXL 16 AWG **GRAY**, 1000 ft spool",,1,ea,,cart,Analog-input family — ~740 ft needed after D-252 / D-255 / D-256,cart,,
P011,Waytek,"Fuse blocks, relays, sockets, busbar, 16 AWG spools",WL16-6,"Prysmian GXL 16 AWG **BLUE**, 500 ft spool",,1,ea,,cart,Command family — 285 ft needed,cart,,
P012,WireBarn,GXL by the foot,,GXL 14 AWG ORN,,250,ft,,cart,Every 15 A output run (O6–O11) and the washer feed — 190 ft calculated,cart,,
P013,WireBarn,GXL by the foot,,GXL 14 AWG RED,,100,ft,,cart,"F1 head-unit constant, the capped window motor legs — 52 ft calculated",cart,,
P014,WireBarn,GXL by the foot,,GXL 14 AWG BLK,,50,ft,,cart,"14 AWG grounds — 42 ft calculated against 50 ft carted; the same margin problem, smaller money",raise,,75 ft
P015,WireBarn,GXL by the foot,,GXL 12 AWG RED,,250 + 100,ft,,cart,"Every 25 A output and 12 AWG feed — 336 ft calculated against 350 ft carted is a 1.04× margin, not the 1.5× D-202 promised on unmeasured routes",raise,,450 ft
P016,WireBarn,GXL by the foot,,GXL 12 AWG BLK,,25,ft,,cart,12 AWG grounds — 20 ft calculated,cart,,
P017,WireBarn,GXL by the foot,,GXL 10 AWG BLK,,25,ft,,cart,Ground-bus and star-stud drops,cart,,
P018,WireBarn,GXL by the foot,,GXL 10 AWG RED,,25,ft,,cart,"Busbar → block A, K11, block B",cart,,
P019,WireBarn,GXL by the foot,,GXL 16 AWG PNK,,25,ft,,cart,F3 switch supply and the +5 V reference — 10 ft calculated,to add,,
P020,WireBarn,GXL by the foot,,GXL 16 AWG YEL,,50,ft,,cart,"CAN high, both buses — 33 ft calculated",to add,,
P021,WireBarn,GXL by the foot,,GXL 16 AWG GRN,,50,ft,,cart,"CAN low, both buses — 33 ft calculated",to add,,
P022,DeutschConnector.com,"Contacts, plugs, clips, caps, tools",0462-201-16141,"Socket contact, size 16, 16–18 AWG, solid",,16,ea,,cart,spares (kits cover the cavities),cart,,
P023,DeutschConnector.com,"Contacts, plugs, clips, caps, tools",0460-202-16141,"Pin contact, size 16, 16–18 AWG, solid",,16,ea,,cart,spares,cart,,
P024,DeutschConnector.com,"Contacts, plugs, clips, caps, tools",0462-209-16141,"Socket contact, size 16, **14 AWG**, solid",,7,ea,,cart,"+ spares = 18 (L2-M 1–4, L3-M 1–2, L4-M 1–4, D1 1–2, D2 1–2 — the kits' contacts do not take 14 AWG)",raise,contacts14,18
P025,DeutschConnector.com,"Contacts, plugs, clips, caps, tools",0460-215-16141,"Pin contact, size 16, **14 AWG**, solid",,7,ea,,cart,+ spares = 18,raise,contacts14,18
P026,DeutschConnector.com,"Contacts, plugs, clips, caps, tools",0462-203-12141,"Socket contact, size 12, solid",,5,ea,,cart,spares,cart,,
P027,DeutschConnector.com,"Contacts, plugs, clips, caps, tools",0460-204-12141,"Pin contact, size 12, solid",,5,ea,,cart,spares,cart,,
P028,DeutschConnector.com,"Contacts, plugs, clips, caps, tools",114017,"Sealing plug, size 16 cavity",,64,ea,,cart,"Every PLUG cavity, both halves, plus the leg-plug half of every RESERVED cavity (D-271) — 78: the door receptacles are RESERVED at the sill (14) and the seven branch-end receptacles bring ten spare cavities (D-274); plus spares",raise,plugs16,84
P029,DeutschConnector.com,"Contacts, plugs, clips, caps, tools",0413-204-2005,"Sealing plug, size 12 cavity",,0,ea,,cart,"L1-P 4 in both halves (a PLUG) + the leg-plug half of L1-P 2 and L1-P 3 (RESERVED, D-271) + L3-CMF 2 in both halves (D-274) — 6",raise,plugs12,6
P030,DeutschConnector.com,"Contacts, plugs, clips, caps, tools",1027-003-1200,"Mounting clip, DT / DTP receptacle",,22,ea,,cart,"One per DT / DTP receptacle at a post or node — 28: 21 after D-258 / D-270, plus the seven branch-end receptacles of D-274 (L2-NZL, L2-OAT, L3-CMF, L3-WIN, L3-MOD, L3-RDR, L4-RDR)",raise,clips,28
P031,DeutschConnector.com,"Contacts, plugs, clips, caps, tools",0411-310-1605,"Contact removal tool, size 16",,1,ea,,cart,toolbox,cart,,
P032,DeutschConnector.com,"Contacts, plugs, clips, caps, tools",114010,"Contact removal tool, size 16 (plastic)",,1,ea,,cart,lives in the car,cart,,
P033,DeutschConnector.com,"Contacts, plugs, clips, caps, tools",0411-310-1205,"Contact removal tool, size 12",,0,ea,,cart,1 — the DTP housings,to add,,
P034,DeutschConnector.com,"Contacts, plugs, clips, caps, tools",DT12P-DC,"Dust cap, DT 12-way receptacle",,1,ea,,cart,DROPS to 0 — DP-ICU-B is a plug tail into the ICU's own receptacle (D-270); no 12-way receptacle is left capped,raise,,0
P035,DeutschConnector.com,"Contacts, plugs, clips, caps, tools",DT6P-DC,"Dust cap, DT 6-way receptacle",,1,ea,,cart,DP-DCU at the post and L3-WIN at the console (D-274) — 2,raise,,2
P036,DeutschConnector.com,"Contacts, plugs, clips, caps, tools",DT4P-DC,"Dust cap, DT 4-way receptacle",,0,ea,,cart,"3 — DP-KEY, L3-RDR, L4-RDR (D-274); add by hand, the site's bot check blocked the scripted add",to add,,3
P037,Amazon,Tools,,"Hydraulic lug crimper, 8 AWG – 1/0, with dies",TEMCo TH0006 class,1,,60,est,Every 2 AWG / 1/0 / 6 AWG lug,cart,,
P038,Amazon,Tools,,"Deutsch solid-contact 4-indent crimper, sizes 12 / 16",IWISS solid-contact Deutsch crimper,1,,139,est,Accepted only after the pull-test coupons pass (install §1.2),cart,,
P039,Amazon,Tools,,"Open-barrel ratchet crimper, 1.5 mm and 2.8 mm dies",Astro 9477 class,1,,80,est,The PMU's SICMA terminals — check the die on one spare terminal first,cart,,
P040,Amazon,Tools,,Digital hanging scale 0–50 kg,any,1,,18,est,Crimp pull tests,cart,,
P041,Amazon,Tools,,**Label printer**,**Brother PT-D220** (B0B1L3BL1G),1,,40,est,Prints the TZe-FX231 tape,cart,,
P042,Amazon,Tools,,"Heat gun, 1500 W, two temperatures",any,1,,30,est,,cart,,
P043,Amazon,Tools,,"Wire strippers 10–22 AWG, flush cutters, needle-nose",Klein / Knipex class,1 set,,70,est,,cart,,
P044,Amazon,Tools,,Soldering iron + solder,Pinecil / Hakko class,1,,45,est,Ladder resistors and diodes,cart,,
P045,Amazon,Tools,,"Digital multimeter — ohms, DC volts, continuity beeper",any auto-ranging,1,,30,est,The UT210E does current; a plain meter is faster for continuity,cart,,
P046,Amazon,Tools,,"Torque wrench 1/4 in drive, 2–20 N·m",any,1,,40,est,"Battery lugs, busbar studs, PMU stud",cart,,
P047,Amazon,Power backbone and battery,,"Class-T fuse block with cover, 110–200 A",Blue Sea 5007100,1,,78,est,The only fuse type with the interrupt rating for a lithium short,cart,,
P048,Amazon,Power backbone and battery,,Class-T fuse 150 A,Blue Sea 5114,2,,90,est,"One fitted, one spare",cart,,
P049,Amazon,Power backbone and battery,,Master battery disconnect switch,"Blue Sea 9003e (e-Series) — 350 A continuous, 1500 A cranking",1,,62,est,"On the battery negative (D-245); it now carries the starter return, which its cranking rating covers",cart,,
P050,Amazon,Power backbone and battery,,"Distribution post, 3/8 in stud, insulated",Blue Sea 2003 PowerPost,1,,16,est,The temporary feed point in install §2; the factory harness feed lands here,cart,,
P051,Amazon,Power backbone and battery,,MRBF terminal fuse holder,Blue Sea 5191,1,,25,est,On the battery + post,cart,,
P052,Amazon,Power backbone and battery,,MRBF fuse 200 A,Blue Sea 5187,1,,17,est,,cart,,
P053,Amazon,Power backbone and battery,,"MIDI / AMI fuse holder, sealed, bolt-down",Blue Sea 5006 class,2,,28,est,"F17, F18 beside the starter B+ stud",cart,,
P054,Amazon,Power backbone and battery,,MIDI fuse 30 A,Blue Sea 5253 class,2,,10,est,"F17, one spare",cart,,
P055,Amazon,Power backbone and battery,,MIDI fuse 100 A,Blue Sea 5258 class,2,,10,est,"F18, one spare",cart,,
P057,Amazon,Power backbone and battery,,"Battery hold-down clamp + J-hooks, M8 grade-8 hardware, nyloc, fender washers",generic,1 set,,40,est,The backing-plate stock is §7,cart,,
P058,Amazon,Power backbone and battery,,Ground studs 3/8 in stainless,generic,4,,16,est,"Rear, front, dash, sill",cart,,
P059,Amazon,Power backbone and battery,,"Star washers, stainless, assorted",generic kit,1,,8,est,Under every ground stud and lug,cart,,
P060,Amazon,Power backbone and battery,,"PMU stand-offs M6 × 12 mm, aluminium",generic,3,,5,est,Airflow under the PMU,cart,,
P061,Amazon,Power backbone and battery,,2 AWG fine-strand welding cable RED,"TEMCo, 25 ft + 20 ft",45 ft,,213,est,"PMU feed C03 and the Class-T link C01 only — the starter run moved to 1/0 (D-246), so this line DROPS to 25 ft and saves about $90",raise,,25 ft
P062,Amazon,Power backbone and battery,,2 AWG fine-strand welding cable BLACK,"TEMCo, 25 ft",25 ft,,72,est,"Engine block → chassis bonding strap C06 only — the battery negative moved to 1/0 (D-245, D-246), so this line DROPS to 10 ft",raise,,10 ft
P063,Amazon,Power backbone and battery,,"6 AWG cable RED, 5 ft",any SGX / welding,1,,15,est,Alternator B+,cart,,
P096,Amazon,Power backbone and battery,,1/0 fine-strand welding cable RED,"≥ 90 °C, 100 % copper — same acceptance test as D-238",25 ft,,140,est,Starter feed C04 (D-246),to add,,
P097,Amazon,Power backbone and battery,,1/0 fine-strand welding cable BLACK,"≥ 90 °C, 100 % copper",30 ft,,165,est,"Battery negative C02, disconnect link C05, cranking return C11 (D-245, D-246)",to add,,
P064,Amazon,Power backbone and battery,,"Tinned closed-barrel lugs 2 AWG, 5/16 and 3/8 holes",TEMCo / Selterm,18,,45,est,Every 2 AWG cable end + practice crimps,cart,,
P065,Amazon,Power backbone and battery,,Tinned lugs 6 AWG 5/16 (×4),TEMCo / Selterm,8,,16,est,"Alternator B+ cable C07 — the four 1/0 lugs move to P098, so this line DROPS to the four 6 AWG lugs",raise,,4
P098,Amazon,Power backbone and battery,,Tinned closed-barrel lugs 1/0 — 3/8 hole (×8) and 5/16 hole (×4),"5/16 for the MRBF holder stud, 3/8 for the disconnect, ground studs and block",12,,30,est,Every 1/0 cable end plus practice crimps (D-246),to add,,
P099,DeutschConnector.com,"Contacts, plugs, clips, caps, tools",6SA-201-16141 + 6PA-202-16141,DT06-6S plug kit + DT04-6P receptacle kit — two more plugs and one more receptacle,,2,pr,,cart,"Plugs: L2-S · DP-DCU · DP-ICU-A (its receptacle is the ICU's DT13 header, D-270) · L3-WIN = 4. Receptacles: L2-S · DP-DCU · L3-WIN = 3 (D-274)",raise,,4 plug kits / 3 receptacle kits
P100,DeutschConnector.com,"Contacts, plugs, clips, caps, tools",DTP06-2S + DTP04-2P kits,DTP 2-way plug + receptacle kit — two more pairs,,1,pr,,cart,L3-P · L3-BLW · L3-CMF — the cart holds one pair; the blower receptacle at the HVAC case (D-253) and the comfort-bus receptacle behind the centre stack (D-274) are the other two,raise,,3
P101,DeutschConnector.com,"Contacts, plugs, clips, caps, tools",8SA-201-16141 + 8PA-202-16141,DT06-8S plug kit + DT04-8P receptacle kit — one more pair,,5,pr,,cart,L2-M · L3-S3 · L4-S · D1 · D2 · L4-S2 — the cart holds five pairs; the sixth is the mirror-command housing (D-255),raise,,6
P102,DeutschConnector.com,"Contacts, plugs, clips, caps, tools","DTP receptacle dust cap, 2-way — confirm part number","Dust cap, DTP 2-way receptacle",,0,ea,,cart,"L3-BLW at the HVAC case and L3-CMF behind the centre stack, capped until their parts arrive (D-253, D-274)",to add,,2
P103,ICU electronics,Cluster module carrier H-001 — ordered after layout,,ICU carrier PCB H-001,"2 boards, 2-layer, JLCPCB / OSH Park",2,ea,,est,"one fitted, one spare — laid out after Q-126 (the enclosure); V-082 checked at layout",later,,
P104,ICU electronics,Cluster module carrier H-001 — ordered after layout,TCAN1042HVDRQ1,"CAN transceiver, 3.3 V IO, 5 V bus, VIO pin","SOIC-8, automotive",2,ea,3,est,"one fitted, one spare — suffix confirmed at V-057",later,,
P105,ICU electronics,Cluster module carrier H-001 — ordered after layout,,"12 V → 5 V automotive buck, 3 A","LMR36015-Q1 class (60 V in, 1.5 A) — not the LMR33630: its 36 V maximum sits under the SMBJ33A's ~53 V clamp (D-273)",1,ea,8,est,ICU logic rail — ~0.8 A peak with the radio scanning,later,,
P106,ICU electronics,Cluster module carrier H-001 — ordered after layout,,"Load-dump TVS SMBJ33A ×2, SS34 ×4, bulk capacitors",,1,set,8,est,both 12 V inputs (D-088),later,,
P107,ICU electronics,Cluster module carrier H-001 — ordered after layout,,Front end,"100 Ω 1 W ×2 excitation · 15 kΩ / 10 kΩ and 47 kΩ / 10 kΩ dividers · BAT54S ×12 · LM393 on the 5 V rail with 10 kΩ pull-ups to 3V3 · 5.1 V zener ×2 · 100 kΩ ½ W ×2 · backlight switch ≥ 60 V (SQD50P06-class P-FET or a VN5E-class high-side driver, ≥ 6 A) + 4 A fuse · RC parts",1,set,16,est,"values in ICU-CARRIER.md — checked, D-273",later,,
P108,ICU electronics,Cluster module carrier H-001 — ordered after layout,APS6404L-3SQR,PSRAM 8 MB ×2,fitted to the ICU's Teensy pads before install,2,ea,5,est,the display's framebuffer (luxury D-170) — fitted now so the board never comes out for it,later,,
P109,ICU electronics,Cluster module carrier H-001 — ordered after layout,,IMU module,"LSM6DSO / ICM-42688-P class, I²C — the MPU-6050 and ICM-20948 are not recommended for new designs (D-273)",1,ea,5,est,orientation per V-073 before layout; the performance page is the luxury package's,later,,
P110,ICU electronics,Cluster module carrier H-001 — ordered after layout,,Standard 0.1 in female headers for the Teensy socket,,1,set,4,est,square pins damage machined sockets — standard female only,later,,
P111,ICU electronics,Cluster module carrier H-001 — ordered after layout,,Enclosure for the carrier behind the binnacle,,1,ea,20,est,,later,,
P122,ICU electronics,Cluster module carrier H-001 — ordered after layout,DT13-06PA + DT13-12PA,"Deutsch DT13 flanged PCB receptacles, 6-way and 12-way, with their sealing plugs and the flange gaskets",through the enclosure wall; mate the harness's DT06-6S / DT06-12S plugs,1,set,24,est,the ICU's two connector halves live on the board (D-270); one spare of each if the budget allows,later,,
P117,ICU electronics,"Display chain — the eval board now, the glass after M-1 (D-268)",,BT817 EVE evaluation board,Riverdi / Matrix Orbital / Bridgetek BT817 board — proves the whole chain on the desk before any glass money,1,ea,70,est,T-051 — the one order that should not wait; luxury LP05 moved here,later,,
P118,ICU electronics,"Display chain — the eval board now, the glass after M-1 (D-268)",,12.3-inch bar display,"chain (ii) — 1920 × 720, 900–1000 nit, bonded or AR glass, with its scaler board (V-085 → D-269)",1,ea,150,est,V-085 ruled (ii); bought after M-1 sizes the aperture; luxury LP26 moved here,later,,
P119,ICU electronics,"Display chain — the eval board now, the glass after M-1 (D-268)",,Display bridge — TFP410-class HDMI encoder,"BT817 RGB out → HDMI into the scaler (chain ii, D-269)",1,ea,20,est,V-084 confirms timings at install §1.22; luxury LP27 moved here,later,,
P120,ICU electronics,"Display chain — the eval board now, the glass after M-1 (D-268)",,"Page button, panel-mount momentary",,1,ea,3,est,luxury D-169; on the binnacle plate (Q-130),later,,
P121,Hardware store,After the measurement day,,"Binnacle plate stock — 3 mm black ABS or aluminium, one piece sized from M-1","the display's temporary mount, which may stay as the bezel's sub-frame (Q-130)",1,ea,15,est,D-268,later,,
P116,Amazon,Dash node and electronics,,"ESP32-C3 module ×2 — Seeed XIAO ESP32C3 class (castellated, fits a header)","one dev board to try the BMS / shunt decode now, one for the carrier",2,ea,6,est,"the ICU's radio co-processor (D-267); which source it decodes is Q-128 — on its own 3.3 V LDO (the XIAO's), not the Teensy's 250 mA regulator (D-273)",to add,,2
P113,Vehicle parts,RockAuto / PartsGeek / Mazda specialist,,Road-speed sensor,"Hall pulse generator on the transmission's speedo-drive boss, the cable deleted — Dakota Digital SEN-01-4160 / AutoMeter 5291 class, 8 000 or 16 000 pulses per mile, sealed; thread adapter per M-2",1,ea,105,est,IC08 / DV47 — fitted at the meters cutover (D-272); bought after M-2 measures the boss,not carted,,
P114,Amazon,Dash node and electronics,,100 Ω 1 W 1 % metal-film resistor,the oil-node pull-up at the dash node (D-260) + 1 spare,2,ea,1,est,add by hand — the kits are ¼ W,to add,,2
P115,DeutschConnector.com,"Contacts, plugs, clips, caps, tools",12SA-201-16141 + 12PA-202-16141,"DT06-12S plug kit + DT04-12P receptacle kit — one plug fewer, two receptacles fewer",,7,pr,,cart,"Plugs: L1-S1 · L1-S2 · L3-S1 · L3-S2 · L4-M · DP-ICU-B = 6 (the cluster drop is gone, D-258). Receptacles: 5 — DP-ICU-B's is a DT13 header on the ICU (D-270). DROPS 7 → 6 plug kits and 7 → 5 receptacle kits",raise,,6
P066,Amazon,Power backbone and battery,,"Terminal boots, red and black, 2 AWG / 1/0",generic,10,,15,est,Every exposed lug on a live stud — four more ends now that the negative side is 1/0 (D-246),raise,,14
P067,Amazon,Power backbone and battery,,LiFePO4-profile charger 12 V 10 A — OPTIONAL,Ionic 12V 10A,1,,110,est,A lead-acid charger can ruin the Ionic; skip if one is owned,cart,,
P068,Amazon,Dash node and electronics,,"Barrier terminal strip, 8 position, 12 V rated",generic,2,,15,est,Wake strip + one spare,cart,,
P069,Amazon,Dash node and electronics,,"Metal-film resistor kit, E24 1 %, 1/4 W",generic kit,1,,15,est,Values used: 1.8k 3.3k 4.7k 6.8k 8.2k 10k 12k 15k 18k 33k 47k 100k 1M,cart,,
P070,Amazon,Dash node and electronics,,120 Ω 1 % 1/4 W resistors,generic,10,,1,est,"CAN terminators, 2 used",cart,,
P071,Amazon,Dash node and electronics,,Schottky diode 1N5819,1N5819,20,,3,est,5 wake strip + 1 WASH leg + spares,cart,,
P072,Amazon,Dash node and electronics,,NPN transistor 2N3904,2N3904,10,,1,est,2 wake sense stages + spares,cart,,
P073,Amazon,Dash node and electronics,,"Inline ATC fuse holder, 2-pack",generic,1,,6,est,The 5 A first-power-up guard (install §5.2),cart,,
P074,Amazon,Dash node and electronics,,"Shielded cable, 16–18 AWG single core with drain, 15 ft",any automotive shielded,1,,15,est,Tach — L1-S1 6 → DP-ICU-B 4 4,cart,,
P075,Amazon,Consumables and labels,,**Label tape**,"**Brother TZe-FX231 flexible-ID, 12 mm black on white** (B00X8GRTO8)",3,,45,est,≈ 260 wire ends at 45 mm each — three cartridges is the whole car plus mistakes,cart,,
P076,Amazon,Consumables and labels,,"**Clear heat-shrink 3/16 in, 2:1**",generic,3,,20,est,Over every label on the engine leg and under loom,cart,,
P077,Amazon,Consumables and labels,,"Adhesive-lined heat-shrink assortment 3:1, incl. heavy-wall for lugs",generic,1 kit,,40,est,,cart,,
P078,Amazon,Consumables and labels,,"Heat-shrink crimp butt splices — 22–18 (×50), 16–14 (×50), 12–10 (×25)","generic, tinned",1 set,,25,est,Every factory-pigtail joint (install §4),cart,,
P079,Amazon,Consumables and labels,,"Ring terminals, heat-shrink, assorted 16–14 and 12–10, #10 and 3/8",generic,1 kit,,20,est,Ground rings and stud connections,cart,,
P080,Amazon,Consumables and labels,,Tesa 51608 cloth harness tape,Tesa 51608,5 rolls,,33,est,,cart,,
P081,Amazon,Consumables and labels,,"Split loom / braided sleeve assortment, grommet kit, P-clips, pull string 100 ft",generic,1 set,,110,est,,cart,,
P082,Amazon,Consumables and labels,,"Cavity wax / corrosion inhibitor spray, paint pen",generic,1 set,,20,est,,cart,,
P083,Amazon,Switches,,"**Momentary pushbutton, 1NO + 1NC, 2-pack**",**DMWD** (B09H29SZYS),1 pk,,12,est,Wink L and wink R. MUST be changeover (NO + NC) — the NC pole is wired,cart,,
P084,Amazon,Switches,,"Adjustable plunger pin switch, 6-pack",generic,1 pk,,15,est,"Door jambs ×2, glove box, luggage + 2 spare",cart,,
P085,Vehicle parts,RockAuto / PartsGeek / Mazda specialist,,"Brake pedal (stop lamp) switch, without cruise — TWO circuits",Standard SLS-52 class — confirm fit,1,,20,est,"Pole 1 the A3 ladder, pole 2 the wake strip (D-247)",not carted,,
P086,Vehicle parts,RockAuto / PartsGeek / Mazda specialist,,"Ignition switch, electrical portion, 1981–83 RX-7","search ""81-83 RX-7 ignition switch electrical""; NOS or quality reproduction",1,,45,est,"Terminals B, ACC, IG, ST — feeds the A16 ladder and both wake sources",not carted,,
P090,Hardware store,After the measurement day,,"Carrier-panel stock for the dash node — 3 mm aluminium or ABS sheet, one or several small pieces",,,,,,Sizes from M-1 and the bench layout (install §3.1),later,,
P091,Hardware store,After the measurement day,,"Sill-node panel stock, about 150 × 100 mm",,,,,,M-5,later,,
P092,Hardware store,After the measurement day,,"Battery backing plate stock, 3–4 mm aluminium or steel, sized from the M-4 mock-up",,,,,,"Under the floor, beneath the battery box",later,,
P093,Hardware store,After the measurement day,,Paint or powder-coat for any aluminium panel,,,,,,Never bare aluminium against a live stud,later,,
P094,Amazon,Power backbone and battery,,"Tapered-post terminal boots, red and black",must clear the terminal stack and lift off by hand for a jump start,1,pair,8,est,The only thing covering a live post now that the box is gone (D-235),to add,,
P095,Amazon,Power backbone and battery,,"SAE tapered-post battery terminals, brass, with 3/8 in stud take-off, pair",confirm the positive clamp's stud carries the MRBF holder plus the PMU feed lug,1,pair,25,est,The Ionic has tapered posts (D-234) - no ring lug bolts to it,to add,,
P123,DeutschConnector.com,"Contacts, plugs, clips, caps, tools",2SA-201-16141 + 2PA-202-16141,DT06-2S plug kit + DT04-2P receptacle kit,,3,pr,,cart,L2-NZL · L2-OAT · L3-MOD — the branch-end receptacles (the cart's one 2-way pair is L3-M's); the plug half of each waits on the shelf for the part (D-274),to add,,
P124,DeutschConnector.com,"Contacts, plugs, clips, caps, tools",4SA-201-16141 + 4PA-202-16141,DT06-4S plug kit + DT04-4P receptacle kit,,2,pr,,cart,L3-RDR · L4-RDR (the cart's two 4-way pairs are DP-DIAG's and DP-KEY's) (D-274),to add,,
P125,DeutschConnector.com,"Contacts, plugs, clips, caps, tools",DT2P-DC (confirm the SKU),"Dust cap, DT 2-way receptacle",,3,ea,,cart,L2-NZL · L2-OAT · L3-MOD (D-274),to add,,
